video_id,concept_type,header_title,tagline,question_text,option_a,option_b,option_c,option_d,correct_answer,equations_json,visual_data_json,audio_script
feynman_day2_01_world_before_1920,DEEP_DIVE,The World Picture Before 1920,Particles forces and fields,,,,,,,"[""\\vec{F} = m\\vec{a}"", ""F = G\\frac{m m'}{r^2}"", ""F = q(\\vec{E} + \\vec{v}\\times\\vec{B})""]","[{""type"": ""charge"", ""pos"": [-2.0, 1.5, 0], ""color"": ""#38bdf8"", ""label"": ""+""}, {""type"": ""charge"", ""pos"": [2.0, 1.5, 0], ""color"": ""#f87171"", ""label"": ""-""}, {""type"": ""vector"", ""start"": [-2.0, 1.5, 0], ""end"": [-0.8, 1.0, 0], ""color"": ""#4ade80"", ""label"": ""F""}]","Welcome, future engineers and physicists. Today, we journey back to examine the classical world picture that dominated physics prior to 1920. Before the relativistic and quantum revolutions, the universe was envisioned on a grand, intuitive stage: the three-dimensional Euclidean space of geometry, unfolding uniformly across an absolute, unyielding river of time. Upon this stage played two fundamental actors: discrete material particles possessing inertia, and invisible forces governing their interactions. Classical mechanics posited that a particle in motion persists in uniform motion unless compelled otherwise by external agencies. The forces themselves were broadly categorized into two distinct classes. First, complex short-range contact and chemical bonding forces that held atoms together in intricate molecular structures. Second, the smooth, long-range majesty of Newtonian gravitation, varying inversely as the square of the distance between masses. While nineteenth-century Maxwellian electrodynamics later united electricity and magnetism through fields, the underlying philosophical framework remained rooted in deterministic mechanics. For competitive examinations like JEE and NEET, mastering this classical foundation is essential, as it forms the baseline against which modern physical theories are contrasted. Understanding how particles and forces interact within Euclidean coordinates builds the mechanical intuition required to solve complex multi-body dynamics."
feynman_day2_02_time_dilation,DEEP_DIVE,Moving Clocks Run Slow,The light clock argument,,,,,,,"[""t' = \\frac{t - ux/c^2}{\\sqrt{1 - u^2/c^2}}"", ""\\Delta t' = \\frac{\\Delta t}{\\sqrt{1 - u^2/c^2}}"", ""\\gamma = \\frac{1}{\\sqrt{1 - u^2/c^2}}""]","[{""type"": ""charge"", ""pos"": [-2.0, 1.2, 0], ""color"": ""#fbbf24"", ""label"": ""\\Delta t""}, {""type"": ""charge"", ""pos"": [2.0, 1.2, 0], ""color"": ""#38bdf8"", ""label"": ""\\Delta t'""}, {""type"": ""vector"", ""start"": [-2.0, 1.2, 0], ""end"": [1.0, 2.0, 0], ""color"": ""#4ade80"", ""label"": ""c""}]","Let us explore one of the most profound consequences of Einstein's special theory of relativity: time dilation. Imagine a conceptual light clock constructed from two parallel mirrors separated by a fixed vertical distance, between which a photon bounces continuously, registering a tick with each reflection. If this clock is stationary in our laboratory, the light travels strictly vertical paths. However, if we place an identical clock inside a spacecraft moving at a high velocity relative to us, an outside observer sees the photon tracing a diagonal, zigzag trajectory because the mirrors are moving sideways during the light's transit. Because the speed of light $c$ is an invariant universal constant for all inertial observers, the diagonal path is geometrically longer than the vertical path. Consequently, the time interval between ticks for the moving clock appears stretched or dilated when viewed from the lab frame. This is not an artifact of mechanical imperfection or friction; rather, it is an inherent geometric property of spacetime itself. Any clock—whether biological, mechanical, or atomic—operates under this exact proportion. In competitive entrance tests, time dilation problems require you to correctly apply the Lorentz factor $\gamma$. Recognizing when to use proper time versus dilated time is the key to solving high-speed particle decay and muon arrival problems with absolute mathematical precision."
feynman_day2_03_emc2,DEEP_DIVE,Mass Is a Form of Energy,Einstein's great equivalence,,,,,,,"[""E = mc^2"", ""m = \\frac{m_0}{\\sqrt{1 - v^2/c^2}}"", ""\\Delta m = \\frac{\\Delta(\\text{K.E.})}{c^2}""]","[{""type"": ""charge"", ""pos"": [-2.0, 1.5, 0], ""color"": ""#f87171"", ""label"": ""m""}, {""type"": ""charge"", ""pos"": [2.0, 1.5, 0], ""color"": ""#fbbf24"", ""label"": ""E""}, {""type"": ""vector"", ""start"": [-2.0, 1.5, 0], ""end"": [-2.0, 0.5, 0], ""color"": ""#38bdf8"", ""label"": ""c^2""}]","One of the crowning achievements of twentieth-century physics is Einstein's mass-energy equivalence principle, encapsulated by the iconic relation $E = mc^2$. In classical Newtonian physics, mass and energy were treated as entirely independent conserved quantities—mass was the measure of matter, while energy accounted for motion and potential fields. Special relativity shattered this separation by demonstrating that relativistic mass increases with velocity, leading Einstein to propose a deeper unification. The total energy of a body is directly proportional to its mass, scaled by the immense conversion factor of light speed squared. This implies that rest mass itself is simply concentrated, bound energy. Whenever a system absorbs kinetic or potential energy—such as a compressed spring or a heated gas—its inertial mass increases infinitesimally. In nuclear reactions, such as fission and fusion, this mass-energy interchange becomes dramatically apparent; the total mass of the fission fragments is measurably less than the initial nucleus, with the missing mass defect converted directly into explosive energy. Similarly, in particle physics, electron-positron annihilation converts pure rest mass entirely into high-energy gamma-ray photons. For engineering and medical aspirants, mastering this equivalence is vital for solving nuclear binding energy, mass defect, and relativistic collision problems in modern physics."
feynman_day2_04_space_time,DEEP_DIVE,Past Present and Future in Space-Time,The light cone that shapes causality,,,,,,,"[""c^2 t^2 - x^2 - y^2 - z^2 = \\text{invariant}"", ""\\Delta s^2 = c^2 \\Delta t^2 - \\Delta x^2""]","[{""type"": ""line"", ""start"": [-2.5, -2.5, 0], ""end"": [2.5, 2.5, 0], ""color"": ""#fbbf24""}, {""type"": ""line"", ""start"": [-2.5, 2.5, 0], ""end"": [2.5, -2.5, 0], ""color"": ""#fbbf24""}, {""type"": ""charge"", ""pos"": [0, 0, 0], ""color"": ""#f87171"", ""label"": ""O""}]","Let us examine the geometry of Minkowski spacetime and how causality is structured by the speed of light. In special relativity, space and time merge into a four-dimensional continuum where the spacetime interval between events remains invariant for all inertial observers. Surrounding any given event point $O$, the universe is rigorously partitioned into distinct causal regions by light cones. Events located within the past light cone can send physical signals or material objects traveling at speeds less than $c$ to reach point $O$; this constitutes the affecting past, containing all historical occurrences that could potentially influence event $O$. Conversely, events within the future light cone represent the domain that can be causally impacted by actions taken at point $O$ using sub-light projectiles or signals—the affecting future. The vast remaining expanse outside these light cones is designated as the 'elsewhere' region. Events in the elsewhere sector can neither affect nor be affected by point $O$, because no causal influence or information can propagate faster than light in vacuum. For competitive examinations, understanding spacetime intervals and light cone geometry provides deep conceptual clarity when evaluating simultaneity, causal paradoxes, and Lorentz transformations in advanced kinematics."
feynman_day2_05_gyroscope,DEEP_DIVE,Why a Spinning Top Doesn't Fall,Gyroscopic precession explained,,,,,,,"[""\\vec{\\tau} = \\vec{\\Omega}\\times\\vec{L}"", ""\\vec{\\tau} = \\frac{d\\vec{L}}{dt}"", ""\\Omega = \\frac{\\tau}{L}""]","[{""type"": ""charge"", ""pos"": [0, 1.0, 0], ""color"": ""#fbbf24"", ""label"": ""L""}, {""type"": ""vector"", ""start"": [0, 1.0, 0], ""end"": [0, 2.5, 0], ""color"": ""#fbbf24"", ""label"": ""\\vec{L}""}, {""type"": ""vector"", ""start"": [0, 1.0, 0], ""end"": [1.5, 1.0, 0], ""color"": ""#38bdf8"", ""label"": ""\\vec{\\Omega}""}]","Rotational dynamics often presents counterintuitive phenomena, none more fascinating than the behavior of a spinning top or gyroscope defying gravity. When a heavy wheel spins rapidly about its axis, it possesses a large angular momentum vector aligned with that axis. If we attempt to tilt the axis by applying an external force, the gyroscope does not simply fall over in the direction of the force; instead, it undergoes gyroscopic precession, rotating smoothly about a perpendicular axis. Mathematically, torque is defined as the time rate of change of angular momentum. Gravity acting on the center of mass of a tilted spinning top creates a horizontal torque about the pivot point. Because the torque vector is perpendicular to the angular momentum vector, it continuously changes the direction of angular momentum without altering its magnitude. This forces the angular momentum vector—and consequently the top's axis—to sweep out a horizontal circular cone around the vertical axis rather than toppling downward. In competitive exams like JEE Advanced, gyroscopic torque, precession frequency calculations, and conservation of angular momentum are high-yield topics. Mastering vector cross products in rotational kinematics allows you to effortlessly solve complex rotational stability and precession problems."
feynman_day2_06_fermat,DEEP_DIVE,Light Takes the Fastest Path,Fermat's principle of least time,,,,,,,"[""\\sin\\theta_i = n\\sin\\theta_r"", ""t = \\frac{r_1}{c} + \\frac{n r_2}{c}""]","[{""type"": ""line"", ""start"": [-3.0, 0, 0], ""end"": [3.0, 0, 0], ""color"": ""#FFFFFF""}, {""type"": ""charge"", ""pos"": [-2.5, 1.8, 0], ""color"": ""#f87171"", ""label"": ""A""}, {""type"": ""charge"", ""pos"": [2.5, -1.8, 0], ""color"": ""#4ade80"", ""label"": ""B""}]","One of the most elegant variational principles in optical physics is Fermat's Principle of Least Time, which states that out of all possible geometric paths available to travel between two points, light always selects the path that requires the minimum time interval. Consider reflection in a plane mirror: using virtual image geometry, the path length constraint forces the angle of incidence to exactly equal the angle of reflection, ensuring the shortest transit time. But what happens during refraction when light passes from air into water? Light clearly does not travel in a straight geometric line because its speed changes across the boundary. Think of a lifeguard on a beach spotting a swimmer in distress: to reach them in minimum time, the rescuer runs a greater distance on the sandy beach where running speed is fast, and cuts down the shorter distance in water where swimming speed is slow. Applying this minimization condition mathematically yields Snell's law of refraction, where the ratio of the sines of the angles equals the ratio of the wave speeds in the two media. For competitive physics assessments, Fermat's principle provides a powerful conceptual foundation for geometrical optics, wave fronts, and optical path length calculations."
feynman_day2_07_quantum_two_slit,DEEP_DIVE,The Only Mystery Electrons and Two Slits,Watch them and the pattern disappears,,,,,,,"[""P_{12} = |\\hat{\\phi}_1 + \\hat{\\phi}_2|^2"", ""P_{12} \\neq P_1 + P_2"", ""\\phi = \\phi_1 + \\phi_2""]","[{""type"": ""charge"", ""pos"": [-2.5, 1.0, 0], ""color"": ""#f87171"", ""label"": ""gun""}, {""type"": ""line"", ""start"": [0, -2.0, 0], ""end"": [0, 2.0, 0], ""color"": ""#38bdf8""}]","We now arrive at the heart of quantum mechanics through the double-slit experiment performed with material particles like electrons. If we fire a beam of electrons through a partition containing two parallel slits toward a backstop detector, we do not observe two simple accumulation bands as we would with classical bullets. Instead, the detector registers discrete, particle-like arrival clicks, yet over time, the cumulative distribution forms an unmistakable wave interference fringe pattern. Each electron arrives as a localized lump, implying it passed through either slit one or slit two; yet the statistical probability of arrival is governed by the absolute square of the sum of probability amplitudes, producing interference terms where $P_{12} \neq P_1 + P_2$. If we place a light source near the slits to watch which path the electron actually takes, the interference pattern instantly vanishes, collapsing back into two classical bands. As Richard Feynman famously emphasized, this contains the only true mystery of quantum mechanics: nature behaves simultaneously as waves of probability and discrete particles upon measurement. Mastering probability amplitudes and wave-particle duality is essential for cracking modern physics questions in JEE and NEET."
feynman_day2_08_ratchet,DEEP_DIVE,The Ratchet and Pawl,Why heat cannot run backwards,,,,,,,"[""P_{\\text{forward}} \\propto e^{-(\\epsilon + L\\theta)/kT_1}"", ""P_{\\text{backward}} \\propto e^{-\\epsilon/kT_2}"", ""\\frac{\\epsilon + L\\theta}{T_1} = \\frac{\\epsilon}{T_2}""]","[{""type"": ""shape"", ""kind"": ""circle"", ""pos"": [0, 1.0, 0], ""radius"": 1.5, ""color"": ""#38bdf8""}, {""type"": ""charge"", ""pos"": [1.0, 1.8, 0], ""color"": ""#fbbf24"", ""label"": ""pawl""}]","Can we build a perpetual motion machine that violates the second law of thermodynamics by extracting usable work from a single heat reservoir at uniform temperature? Richard Feynman famously analyzed this thought experiment using the ratchet and pawl. Imagine a microscopic paddle wheel immersed in a gas of molecules, connected by an axle to a ratchet wheel that permits rotation in only one direction via a spring-loaded pawl. Bombarding gas molecules cause the vanes to jiggle via Brownian motion, and one might hope the ratchet would allow forward rotation while blocking backward slips, lifting a tiny weight. However, when we analyze this system rigorously through statistical mechanics, we discover that the pawl and ratchet are themselves at the same thermal temperature and undergo continuous thermal fluctuations. The probability that the pawl will accidentally bounce upward due to thermal energy is governed by the Boltzmann factor $e^{-\epsilon/kT}$. When the pawl thermally lifts, backward rotation occurs with equal probability to forward jumps driven by vane collisions. Thermal equilibrium ensures exact detailed balance, so the wheel averages zero net rotation. The second law remains inviolate. Understanding thermal fluctuations and statistical mechanics is crucial for advanced thermodynamics problem-solving."
feynman_day2_pyq_01_time_dilation,PYQ_DEEP_DIVE,A Muon Hits the Ground,PYQ - use time dilation,A muon has a lifetime of 2.2 microseconds in its rest frame. It travels at 0.99c relative to Earth. How far does it travel in the Earth frame before decaying?,(A) 0.65 km,(B) 4.6 km,(C) 0.66 m,(D) 23 km,Correct Answer: (B) 4.6 km,"[""\\gamma = \\frac{1}{\\sqrt{1 - v^2/c^2}}"", ""\\Delta t_{\\text{obs}} = \\gamma \\Delta t_0"", ""d = v \\Delta t_{\\text{obs}}""]","[{""type"": ""charge"", ""pos"": [-2.5, 1.0, 0], ""color"": ""#fbbf24"", ""label"": ""muon""}, {""type"": ""vector"", ""start"": [-2.5, 1.0, 0], ""end"": [1.0, 1.0, 0], ""color"": ""#4ade80"", ""label"": ""v=0.99c""}]","Let us solve a classic high-yield special relativity problem frequently tested in JEE and NEET examinations involving atmospheric muons. A muon is an unstable elementary particle with a proper lifetime of 2.2 microseconds in its own rest frame. It is created high in the upper atmosphere and travels downward toward the Earth's surface at an ultra-relativistic speed of 0.99c. Without relativistic time dilation, classical mechanics predicts that travelling at nearly light speed for 2.2 microseconds would allow the muon to cover a maximum distance of about 650 meters before decaying, meaning virtually no muons should ever be detected at sea level. However, because the muon is moving at 0.99c relative to us, its internal clock runs slow in the Earth frame. To compute the observed lifetime, we first evaluate the Lorentz factor $\gamma$ using the formula one over the square root of one minus $v^2$ over $c^2$. Substituting $v = 0.99c$ yields a Lorentz factor of approximately 7.09. Multiplying the proper lifetime by this factor gives an observed lifetime in our frame of roughly 15.6 microseconds. Multiplying this dilated time by the muon's speed yields a travel distance of approximately 4.6 kilometers, perfectly explaining why abundant muons successfully reach ground-level detectors. Option B is correct."
feynman_day2_pyq_02_moment_of_inertia,PYQ_DEEP_DIVE,Moment of Inertia of a Rod,PYQ - the axis matters,A uniform rod of mass M and length L rotates about an axis through one end perpendicular to its length. What is its moment of inertia?,(A) \\frac{ML^2}{12},(B) \\frac{ML^2}{3},(C) \\frac{ML^2}{2},(D) ML^2,Correct Answer: (B) \\frac{ML^2}{3},"[""I = \\int x^2 dm"", ""dm = \\frac{M}{L}dx"", ""I = \\frac{M}{L}\\int_0^L x^2 dx = \\frac{ML^2}{3}""]","[{""type"": ""line"", ""start"": [-2.5, 0.5, 0], ""end"": [2.5, 0.5, 0], ""color"": ""#38bdf8""}, {""type"": ""charge"", ""pos"": [-2.5, 0.5, 0], ""color"": ""#f87171"", ""label"": ""axis""}, {""type"": ""vector"", ""start"": [-2.5, 0.5, 0], ""end"": [-0.5, 0.5, 0], ""color"": ""#4ade80"", ""label"": ""x""}]","Let us tackle a foundational rotational mechanics problem that appears across engineering and medical entrance tests. The question asks for the moment of inertia of a uniform rod of mass $M$ and length $L$ rotating about a transverse axis passing through one of its ends. Unlike discrete point masses where inertia is simply $mr^2$, continuous rigid bodies require integral calculus to sum the distributed mass elements across space. If we set our origin at the rotation axis and divide the rod into small differential length elements $dx$, the corresponding mass element $dm$ is equal to the linear mass density $\frac{M}{L}$ multiplied by $dx$. The moment of inertia is defined as the integral of $x^2 dm$ from $x = 0$ to $x = L$. Substituting our mass element into the integral gives $\frac{M}{L}$ times the integral of $x^2 dx$ evaluated from zero to $L$, which evaluates to $\frac{ML^2}{3}$. Therefore, option B is definitively correct. Notice how critically the position of the axis matters: if the axis were shifted to the center of mass using the parallel-axis theorem, the denominator becomes 12 instead of 3, making the rod four times easier to spin. Mastering continuous mass integration is essential for top-tier exam performance."
